{"cameraMode":{"drawMode":0,"name":"Shaded","section":"Shading Mode"},"sceneLighting":true,"audioPlay":false,"sceneViewState":{"m_AlwaysRefresh":false,"showFog":true,"showSkybox":true,"showFlares":true,"showImageEffects":true,"showParticleSystems":true,"showVisualEffectGraphs":true,"m_FxEnabled":true},"in2DMode":false,"pivot":{"x":555.8885498046875,"y":320.53411865234377,"z":38.15081787109375},"rotation":{"x":0.008999518118798733,"y":0.01049938052892685,"z":-0.00009451116784475744,"w":0.999904453754425},"size":348.3935546875,"orthographic":true}